/*
Navicat MySQL Data Transfer

Source Server         : Localhost
Source Server Version : 50616
Source Host           : localhost:3306
Source Database       : tumb

Target Server Type    : MYSQL
Target Server Version : 50616
File Encoding         : 65001

Date: 2016-09-15 02:45:42
*/

SET FOREIGN_KEY_CHECKS=0;

-- ----------------------------
-- Table structure for `tum_contact`
-- ----------------------------
DROP TABLE IF EXISTS `tum_contact`;
CREATE TABLE `tum_contact` (
  `id` int(11) NOT NULL AUTO_INCREMENT,
  `desc` varchar(255) COLLATE utf8_bin DEFAULT NULL,
  `image` varchar(255) COLLATE utf8_bin DEFAULT NULL,
  `email` varchar(255) COLLATE utf8_bin DEFAULT NULL,
  `address` varchar(255) COLLATE utf8_bin DEFAULT NULL,
  `title` varchar(255) COLLATE utf8_bin DEFAULT NULL,
  PRIMARY KEY (`id`)
) ENGINE=MyISAM AUTO_INCREMENT=2 DEFAULT CHARSET=utf8 COLLATE=utf8_bin;

-- ----------------------------
-- Records of tum_contact
-- ----------------------------
INSERT INTO `tum_contact` VALUES ('1', ' Lorem Ipsum is simply dummy text of the printing and typesetting industry. Lorem Ipsum has been the industry\'s standard \r\n                dummy text ever since the 1500s, when an unknown printer took a galley of type and scrambled it to make a type speci', '2647-Desert.jpg', 'test@ukprosolutions.com', 'test address', 'test');

-- ----------------------------
-- Table structure for `tum_faq`
-- ----------------------------
DROP TABLE IF EXISTS `tum_faq`;
CREATE TABLE `tum_faq` (
  `id` int(11) NOT NULL AUTO_INCREMENT,
  `question` varchar(255) COLLATE utf8_bin NOT NULL,
  `answer` text COLLATE utf8_bin NOT NULL,
  PRIMARY KEY (`id`)
) ENGINE=MyISAM AUTO_INCREMENT=4 DEFAULT CHARSET=utf8 COLLATE=utf8_bin;

-- ----------------------------
-- Records of tum_faq
-- ----------------------------
INSERT INTO `tum_faq` VALUES ('1', 'Why doesn\'t the referral system work?', 0x506C65617365206E6F74653A20696E206F7264657220746F207265636569766520796F757220726566657272616C20637265646974732C207468652075736572207468617420636C69636B73206F6E20796F7572206C696E6B2C206D7573742062652061206E657720757365722C20616E642074686579206861766520746F20436F6E6E6563742074686569722054756D626C72206163636F756E742075706F6E206172726976696E6720746F207468697320736974652E);
INSERT INTO `tum_faq` VALUES ('2', 'Why should I get \'featured\'?', 0x5374617920696E20746865206665617475726564206C69737420666F72206173206D616E79206461797320617320796F752070757263686173653B206E6F20636F6E7374616E74207265706C756767696E67210D0A4761696E2061207369676E69666963616E7420616D6F756E74206F66206164646974696F6E616C20666F6C6C6F776572732E0D0A55736572732077696C6C2072656365697665206D6F726520706F696E747320666F7220666F6C6C6F77696E6720796F753B20746865726562792C20626F6F7374696E6720796F757220666F6C6C6F77657220636F756E742E);
INSERT INTO `tum_faq` VALUES ('3', 'Why do I keep getting logged off?', 0x496E2074686520696E74657265737473206F662070726F74656374696E6720796F7572206163636F756E742C20776520646F6E27742073657420636F6F6B6965732E204F6E636520796F7520636C6F736520796F75722062726F777365722077696E646F772C20796F752077696C6C206265206175746F6D61746963616C6C79206C6F67676564206F66662E);

-- ----------------------------
-- Table structure for `tum_groups`
-- ----------------------------
DROP TABLE IF EXISTS `tum_groups`;
CREATE TABLE `tum_groups` (
  `id` int(11) NOT NULL,
  `group_title` varchar(255) COLLATE utf8_bin DEFAULT NULL,
  PRIMARY KEY (`id`)
) ENGINE=MyISAM DEFAULT CHARSET=utf8 COLLATE=utf8_bin;

-- ----------------------------
-- Records of tum_groups
-- ----------------------------
INSERT INTO `tum_groups` VALUES ('1', 'Normal Member');
INSERT INTO `tum_groups` VALUES ('6', 'Admin');

-- ----------------------------
-- Table structure for `tum_order`
-- ----------------------------
DROP TABLE IF EXISTS `tum_order`;
CREATE TABLE `tum_order` (
  `id` int(11) NOT NULL AUTO_INCREMENT,
  `package_id` int(11) DEFAULT NULL,
  `user_id` int(11) DEFAULT NULL,
  `status_id` int(11) DEFAULT NULL,
  `token` varchar(255) COLLATE utf8_bin DEFAULT NULL,
  `order_time` varchar(255) COLLATE utf8_bin DEFAULT NULL,
  `price` float DEFAULT '0',
  PRIMARY KEY (`id`)
) ENGINE=MyISAM AUTO_INCREMENT=23 DEFAULT CHARSET=utf8 COLLATE=utf8_bin;

-- ----------------------------
-- Records of tum_order
-- ----------------------------
INSERT INTO `tum_order` VALUES ('16', '1', '76', '1', 'EC-1WX32040ED050853D', '2014-05-03 10:49', '10');
INSERT INTO `tum_order` VALUES ('17', '1', '77', '1', 'EC-9J013163D5733792N', '2014-05-05 20:49', '10');
INSERT INTO `tum_order` VALUES ('18', '1', '77', '3', 'EC-3LY8610066740800C', '2014-05-06 16:54', '10');
INSERT INTO `tum_order` VALUES ('19', '2', '5', '2', 'EC-3X2855500G0164449', '2014-05-07 20:12', '18');
INSERT INTO `tum_order` VALUES ('20', '2', '5', '1', 'EC-8HD29301WA608624Y', '2014-05-07 20:19', '18');
INSERT INTO `tum_order` VALUES ('21', '1', '5', '1', 'EC-0M258229TS0795209', '2014-05-07 20:20', '10');
INSERT INTO `tum_order` VALUES ('22', '1', '77', '3', 'EC-31K78792HF8178411', '2014-05-08 20:14', '10');

-- ----------------------------
-- Table structure for `tum_order_status`
-- ----------------------------
DROP TABLE IF EXISTS `tum_order_status`;
CREATE TABLE `tum_order_status` (
  `id` int(11) NOT NULL AUTO_INCREMENT,
  `title` varchar(255) COLLATE utf8_bin DEFAULT NULL,
  PRIMARY KEY (`id`)
) ENGINE=MyISAM AUTO_INCREMENT=4 DEFAULT CHARSET=utf8 COLLATE=utf8_bin;

-- ----------------------------
-- Records of tum_order_status
-- ----------------------------
INSERT INTO `tum_order_status` VALUES ('1', 'Pending');
INSERT INTO `tum_order_status` VALUES ('2', 'Completed');
INSERT INTO `tum_order_status` VALUES ('3', 'Cancelled');

-- ----------------------------
-- Table structure for `tum_package`
-- ----------------------------
DROP TABLE IF EXISTS `tum_package`;
CREATE TABLE `tum_package` (
  `id` int(11) NOT NULL AUTO_INCREMENT,
  `title` varchar(255) COLLATE utf8_bin DEFAULT NULL,
  `price` float DEFAULT '0',
  `valid_for` float DEFAULT '0',
  PRIMARY KEY (`id`)
) ENGINE=MyISAM AUTO_INCREMENT=7 DEFAULT CHARSET=utf8 COLLATE=utf8_bin;

-- ----------------------------
-- Records of tum_package
-- ----------------------------
INSERT INTO `tum_package` VALUES ('1', 'Package 1', '10', '2');
INSERT INTO `tum_package` VALUES ('2', 'Package 2', '18', '4');
INSERT INTO `tum_package` VALUES ('3', 'Package 3', '35', '8');
INSERT INTO `tum_package` VALUES ('4', 'Package 4', '40', '10');
INSERT INTO `tum_package` VALUES ('5', 'Package 5', '180', '30');
INSERT INTO `tum_package` VALUES ('6', 'Package 6', '2000', '365');

-- ----------------------------
-- Table structure for `tum_pages`
-- ----------------------------
DROP TABLE IF EXISTS `tum_pages`;
CREATE TABLE `tum_pages` (
  `id` int(11) NOT NULL AUTO_INCREMENT,
  `title` varchar(255) COLLATE utf8_bin DEFAULT NULL,
  `intro` text COLLATE utf8_bin,
  `details` text COLLATE utf8_bin,
  `image` varchar(255) COLLATE utf8_bin DEFAULT NULL,
  `video` varchar(255) COLLATE utf8_bin DEFAULT NULL,
  `publish` tinyint(4) DEFAULT NULL,
  `url` varchar(255) COLLATE utf8_bin DEFAULT NULL,
  PRIMARY KEY (`id`)
) ENGINE=MyISAM AUTO_INCREMENT=6 DEFAULT CHARSET=utf8 COLLATE=utf8_bin;

-- ----------------------------
-- Records of tum_pages
-- ----------------------------
INSERT INTO `tum_pages` VALUES ('1', 'Get Points', '', 0x3C703E0D0A093C7374726F6E673E4C6F72656D20497073756D3C2F7374726F6E673E2069732073696D706C792064756D6D792074657874206F6620746865207072696E74696E6720616E64207479706573657474696E6720696E6475737472792E204C6F72656D20497073756D20686173206265656E2074686520696E647573747279262333393B73207374616E646172642064756D6D79207465787420657665722073696E6365207468652031353030732C207768656E20616E20756E6B6E6F776E207072696E74657220746F6F6B20612067616C6C6579206F66207479706520616E6420736372616D626C656420697420746F206D616B65206120747970652073706563696D656E20626F6F6B2E20497420686173207375727669766564206E6F74206F6E6C7920666976652063656E7475726965732C2062757420616C736F20746865206C65617020696E746F20656C656374726F6E6963207479706573657474696E672C2072656D61696E696E6720657373656E7469616C6C7920756E6368616E6765642E2049742077617320706F70756C61726973656420696E207468652031393630732077697468207468652072656C65617365206F66204C657472617365742073686565747320636F6E7461696E696E67204C6F72656D20497073756D2070617373616765732C20616E64206D6F726520726563656E746C792077697468206465736B746F70207075626C697368696E6720736F667477617265206C696B6520416C64757320506167654D616B657220696E636C7564696E672076657273696F6E73206F66204C6F72656D20497073756D2E3C2F703E0D0A3C703E0D0A09266E6273703B3C2F703E0D0A3C703E0D0A093C7374726F6E673E4C6F72656D20497073756D3C2F7374726F6E673E2069732073696D706C792064756D6D792074657874206F6620746865207072696E74696E6720616E64207479706573657474696E6720696E6475737472792E204C6F72656D20497073756D20686173206265656E2074686520696E647573747279262333393B73207374616E646172642064756D6D79207465787420657665722073696E6365207468652031353030732C207768656E20616E20756E6B6E6F776E207072696E74657220746F6F6B20612067616C6C6579206F66207479706520616E6420736372616D626C656420697420746F206D616B65206120747970652073706563696D656E20626F6F6B2E20497420686173207375727669766564206E6F74206F6E6C7920666976652063656E7475726965732C2062757420616C736F20746865206C65617020696E746F20656C656374726F6E6963207479706573657474696E672C2072656D61696E696E6720657373656E7469616C6C7920756E6368616E6765642E2049742077617320706F70756C61726973656420696E207468652031393630732077697468207468652072656C65617365206F66204C657472617365742073686565747320636F6E7461696E696E67204C6F72656D20497073756D2070617373616765732C20616E64206D6F726520726563656E746C792077697468206465736B746F70207075626C697368696E6720736F667477617265206C696B6520416C64757320506167654D616B657220696E636C7564696E672076657273696F6E73206F66204C6F72656D20497073756D2E3C2F703E0D0A3C703E0D0A09266E6273703B3C2F703E0D0A3C703E0D0A093C7374726F6E673E4C6F72656D20497073756D3C2F7374726F6E673E2069732073696D706C792064756D6D792074657874206F6620746865207072696E74696E6720616E64207479706573657474696E6720696E6475737472792E204C6F72656D20497073756D20686173206265656E2074686520696E647573747279262333393B73207374616E646172642064756D6D79207465787420657665722073696E6365207468652031353030732C207768656E20616E20756E6B6E6F776E207072696E74657220746F6F6B20612067616C6C6579206F66207479706520616E6420736372616D626C656420697420746F206D616B65206120747970652073706563696D656E20626F6F6B2E20497420686173207375727669766564206E6F74206F6E6C7920666976652063656E7475726965732C2062757420616C736F20746865206C65617020696E746F20656C656374726F6E6963207479706573657474696E672C2072656D61696E696E6720657373656E7469616C6C7920756E6368616E6765642E2049742077617320706F70756C61726973656420696E207468652031393630732077697468207468652072656C65617365206F66204C657472617365742073686565747320636F6E7461696E696E67204C6F72656D20497073756D2070617373616765732C20616E64206D6F726520726563656E746C792077697468206465736B746F70207075626C697368696E6720736F667477617265206C696B6520416C64757320506167654D616B657220696E636C7564696E672076657273696F6E73206F66204C6F72656D20497073756D2E3C2F703E0D0A, '4514-avatar.png', '', '0', 'getPoints');
INSERT INTO `tum_pages` VALUES ('2', 'About Us', 0x746573742020696E74726F20, 0x3C703E0D0A093C7374726F6E673E4C6F72656D20497073756D3C2F7374726F6E673E2069732073696D706C792064756D6D792074657874206F6620746865207072696E74696E6720616E64207479706573657474696E6720696E6475737472792E204C6F72656D20497073756D20686173206265656E2074686520696E647573747279262333393B73207374616E646172642064756D6D79207465787420657665722073696E6365207468652031353030732C207768656E20616E20756E6B6E6F776E207072696E74657220746F6F6B20612067616C6C6579206F66207479706520616E6420736372616D626C656420697420746F206D616B65206120747970652073706563696D656E20626F6F6B2E20497420686173207375727669766564206E6F74206F6E6C7920666976652063656E7475726965732C2062757420616C736F20746865206C65617020696E746F20656C656374726F6E6963207479706573657474696E672C2072656D61696E696E6720657373656E7469616C6C7920756E6368616E6765642E2049742077617320706F70756C61726973656420696E207468652031393630732077697468207468652072656C65617365206F66204C657472617365742073686565747320636F6E7461696E696E67204C6F72656D20497073756D2070617373616765732C20616E64206D6F726520726563656E746C792077697468206465736B746F70207075626C697368696E6720736F667477617265206C696B6520416C64757320506167654D616B657220696E636C7564696E672076657273696F6E73206F66204C6F72656D20497073756D2E3C2F703E0D0A3C703E0D0A09266E6273703B3C2F703E0D0A3C703E0D0A093C7374726F6E673E4C6F72656D20497073756D3C2F7374726F6E673E2069732073696D706C792064756D6D792074657874206F6620746865207072696E74696E6720616E64207479706573657474696E6720696E6475737472792E204C6F72656D20497073756D20686173206265656E2074686520696E647573747279262333393B73207374616E646172642064756D6D79207465787420657665722073696E6365207468652031353030732C207768656E20616E20756E6B6E6F776E207072696E74657220746F6F6B20612067616C6C6579206F66207479706520616E6420736372616D626C656420697420746F206D616B65206120747970652073706563696D656E20626F6F6B2E20497420686173207375727669766564206E6F74206F6E6C7920666976652063656E7475726965732C2062757420616C736F20746865206C65617020696E746F20656C656374726F6E6963207479706573657474696E672C2072656D61696E696E6720657373656E7469616C6C7920756E6368616E6765642E2049742077617320706F70756C61726973656420696E207468652031393630732077697468207468652072656C65617365206F66204C657472617365742073686565747320636F6E7461696E696E67204C6F72656D20497073756D2070617373616765732C20616E64206D6F726520726563656E746C792077697468206465736B746F70207075626C697368696E6720736F667477617265206C696B6520416C64757320506167654D616B657220696E636C7564696E672076657273696F6E73206F66204C6F72656D20497073756D2E3C2F703E0D0A3C703E0D0A09266E6273703B3C2F703E0D0A3C703E0D0A093C7374726F6E673E4C6F72656D20497073756D3C2F7374726F6E673E2069732073696D706C792064756D6D792074657874206F6620746865207072696E74696E6720616E64207479706573657474696E6720696E6475737472792E204C6F72656D20497073756D20686173206265656E2074686520696E647573747279262333393B73207374616E646172642064756D6D79207465787420657665722073696E6365207468652031353030732C207768656E20616E20756E6B6E6F776E207072696E74657220746F6F6B20612067616C6C6579206F66207479706520616E6420736372616D626C656420697420746F206D616B65206120747970652073706563696D656E20626F6F6B2E20497420686173207375727669766564206E6F74206F6E6C7920666976652063656E7475726965732C2062757420616C736F20746865206C65617020696E746F20656C656374726F6E6963207479706573657474696E672C2072656D61696E696E6720657373656E7469616C6C7920756E6368616E6765642E2049742077617320706F70756C61726973656420696E207468652031393630732077697468207468652072656C65617365206F66204C657472617365742073686565747320636F6E7461696E696E67204C6F72656D20497073756D2070617373616765732C20616E64206D6F726520726563656E746C792077697468206465736B746F70207075626C697368696E6720736F667477617265206C696B6520416C64757320506167654D616B657220696E636C7564696E672076657273696F6E73206F66204C6F72656D20497073756D2E3C2F703E0D0A, '4560-avatar.png', 'http://www.youtube.com/watch?v=UxVdjw0Gm8I', '1', 'about_us');
INSERT INTO `tum_pages` VALUES ('3', 'How It Works', '', 0x3C703E0D0A093C7374726F6E673E4C6F72656D20497073756D3C2F7374726F6E673E2069732073696D706C792064756D6D792074657874206F6620746865207072696E74696E6720616E64207479706573657474696E6720696E6475737472792E204C6F72656D20497073756D20686173206265656E2074686520696E647573747279262333393B73207374616E646172642064756D6D79207465787420657665722073696E6365207468652031353030732C207768656E20616E20756E6B6E6F776E207072696E74657220746F6F6B20612067616C6C6579206F66207479706520616E6420736372616D626C656420697420746F206D616B65206120747970652073706563696D656E20626F6F6B2E20497420686173207375727669766564206E6F74206F6E6C7920666976652063656E7475726965732C2062757420616C736F20746865206C65617020696E746F20656C656374726F6E6963207479706573657474696E672C2072656D61696E696E6720657373656E7469616C6C7920756E6368616E6765642E2049742077617320706F70756C61726973656420696E207468652031393630732077697468207468652072656C65617365206F66204C657472617365742073686565747320636F6E7461696E696E67204C6F72656D20497073756D2070617373616765732C20616E64206D6F726520726563656E746C792077697468206465736B746F70207075626C697368696E6720736F667477617265206C696B6520416C64757320506167654D616B657220696E636C7564696E672076657273696F6E73206F66204C6F72656D20497073756D2E3C2F703E0D0A, '1060-avatar.png', '', '1', 'how_it_works');
INSERT INTO `tum_pages` VALUES ('4', 'Privacy Policy', 0x736468, 0x3C703E0D0A093C7374726F6E673E4C6F72656D20497073756D3C2F7374726F6E673E2069732073696D706C792064756D6D792074657874206F6620746865207072696E74696E6720616E64207479706573657474696E6720696E6475737472792E204C6F72656D20497073756D20686173206265656E2074686520696E647573747279262333393B73207374616E646172642064756D6D79207465787420657665722073696E6365207468652031353030732C207768656E20616E20756E6B6E6F776E207072696E74657220746F6F6B20612067616C6C6579206F66207479706520616E6420736372616D626C656420697420746F206D616B65206120747970652073706563696D656E20626F6F6B2E20497420686173207375727669766564206E6F74206F6E6C7920666976652063656E7475726965732C2062757420616C736F20746865206C65617020696E746F20656C656374726F6E6963207479706573657474696E672C2072656D61696E696E6720657373656E7469616C6C7920756E6368616E6765642E2049742077617320706F70756C61726973656420696E207468652031393630732077697468207468652072656C65617365206F66204C657472617365742073686565747320636F6E7461696E696E67204C6F72656D20497073756D2070617373616765732C20616E64206D6F726520726563656E746C792077697468206465736B746F70207075626C697368696E6720736F667477617265206C696B6520416C64757320506167654D616B657220696E636C7564696E672076657273696F6E73206F66204C6F72656D20497073756D2E3C2F703E0D0A, '1994-avatar.png', 'http://www.youtube.com/watch?v=zsgcXZzu6io', '1', 'privacy_policy');
INSERT INTO `tum_pages` VALUES ('5', 'Help', null, 0x3C703E0D0A09506C6561736520577269746520596F75722048656C70204E6F746963652048657265213C2F703E0D0A, '', null, null, 'help');

-- ----------------------------
-- Table structure for `tum_plug`
-- ----------------------------
DROP TABLE IF EXISTS `tum_plug`;
CREATE TABLE `tum_plug` (
  `id` int(11) NOT NULL AUTO_INCREMENT,
  `user_id` int(11) DEFAULT NULL,
  `content` varchar(255) COLLATE utf8_bin DEFAULT NULL,
  `plug_time` varchar(255) COLLATE utf8_bin DEFAULT NULL,
  PRIMARY KEY (`id`)
) ENGINE=MyISAM AUTO_INCREMENT=15 DEFAULT CHARSET=utf8 COLLATE=utf8_bin;

-- ----------------------------
-- Records of tum_plug
-- ----------------------------
INSERT INTO `tum_plug` VALUES ('11', '76', 'h', '03-05-2014 10:38:48');
INSERT INTO `tum_plug` VALUES ('12', '78', 'good it is working', '03-05-2014 11:07:16');
INSERT INTO `tum_plug` VALUES ('13', '77', 'm', '06-05-2014 04:53:27');
INSERT INTO `tum_plug` VALUES ('14', '37', 'lol', '15-09-2016 02:28:19');

-- ----------------------------
-- Table structure for `tum_referral`
-- ----------------------------
DROP TABLE IF EXISTS `tum_referral`;
CREATE TABLE `tum_referral` (
  `id` int(11) NOT NULL AUTO_INCREMENT,
  `blog_id` int(11) DEFAULT NULL,
  `ref_id` int(11) DEFAULT NULL,
  PRIMARY KEY (`id`)
) ENGINE=MyISAM AUTO_INCREMENT=7 DEFAULT CHARSET=utf8 COLLATE=utf8_bin;

-- ----------------------------
-- Records of tum_referral
-- ----------------------------
INSERT INTO `tum_referral` VALUES ('6', '77', '79');

-- ----------------------------
-- Table structure for `tum_seo`
-- ----------------------------
DROP TABLE IF EXISTS `tum_seo`;
CREATE TABLE `tum_seo` (
  `id` int(11) NOT NULL AUTO_INCREMENT,
  `page_name` varchar(255) COLLATE utf8_bin DEFAULT NULL,
  `meta_tags` text COLLATE utf8_bin,
  `meta_description` text COLLATE utf8_bin,
  `meta_author` varchar(255) COLLATE utf8_bin DEFAULT NULL,
  PRIMARY KEY (`id`)
) ENGINE=InnoDB AUTO_INCREMENT=12 DEFAULT CHARSET=utf8 COLLATE=utf8_bin;

-- ----------------------------
-- Records of tum_seo
-- ----------------------------
INSERT INTO `tum_seo` VALUES ('1', 'Home', 0x74756D626C722C2074756D626C7220626C6F672C2074756D626C7220666F6C6C6F77657273, 0x54756D626C7246616D652069732061207765627369746520776865726520796F752063616E2070726F6D6F746520796F7572206F776E2074756D626C7220616E64206765742074686F7573616E6473206F662074756D626C7220666F6C6C6F7765727320616E64206265636F6D652066616D6F75732E204A4F494E204E4F5721, null);
INSERT INTO `tum_seo` VALUES ('2', 'Top Users', 0x54756D626C7220746F7020757365722C2070726F6D6F746520626C6F672C206561726E20706F696E7473, 0x54756D626C722066616D6520746F702075736572732063616E206761696E206672656520706F696E747320696E206F7264657220746F20706F737420746865697220706C75677320616E6420676574206D6F726520666F6C6C6F776572732E, null);
INSERT INTO `tum_seo` VALUES ('3', 'Get Points', 0x74756D626C7220706F696E74732C206265636F6D652066616D6F75732C206561726E20706F696E74732C2074756D626C72, 0x4561726E696E6720706F696E74732066726F6D2074756D626C722066616D6520697320616E2065617379207461736B2C206A75737420666F6C6C6F772070656F706C6520616E6420676574207468656D20666F6C6C6F7720796F75206261636B2E, null);
INSERT INTO `tum_seo` VALUES ('4', 'Get Featured', 0x4665617475726564206D656D6265722C2074756D626C722066616D65206665617475726564206D656D6265722C2074756D626C722066616D65206665617475726564, 0x4265636F6D696E6720612074756D626C722066616D6520666561747572656420757365722077696C6C206C657420796F7520676574206D75636820666F6C6C6F7765727320616E642070726F6D6F746520796F75722074756D626C7220626C6F672076657279206561737920616E64207665727920666173742E, null);
INSERT INTO `tum_seo` VALUES ('5', 'Hall Of Fame', 0x74756D626C722066616D652068616C6C206F662066616D652C2074756D626C7220757365722C2066616D6F757320626C6F67, 0x4F75722048616C6C206F662066616D652069732061206E65772066656174757265207768696368207765206861766520696E746567726174656420746F206C6574206F757220757365727320656E6A6F79206672656520626C6F672070726F6D6F74696F6E2E, null);
INSERT INTO `tum_seo` VALUES ('6', 'About Us', 0x74756D626C722066616D652061626F75742075732C2061626F75742074756D626C722066616D652C2066616D6520626C6F67, 0x576520617265206578706572747320696E20746865206669656C64206F66206D61726B6574696E67207468726F75676820696E7465726E657420616E64206F6E65206F66206F757220676F616C7320697320746F206C6574206F75722075736572732070726F6D6F74652074686569722074756D626C7220626C6F67732E, null);
INSERT INTO `tum_seo` VALUES ('7', 'Contact Us', 0x74756D626C722066616D6520636F6E746163742C20636F6E746163742074756D626C722066616D652C2066616D6520636F6E74616374, 0x596F752063616E20636F6E7461637420757320656173792C20736F20646F6E277420686573697461746520746F206C6574207573206B6E6F77207768617420796F752077616E7420696E206F7264657220746F20646F20697420736F20796F7520656E6A6F792070726F6D6F74696E6720796F75722074756D626C7220626C6F672E, null);
INSERT INTO `tum_seo` VALUES ('8', 'How It Works', 0x74756D626C7220686F772C2066616D6520686F7720697420776F726B732C2074756D626C722066616D6520776F726B73, 0x496620796F7520617265206E657720746F206F7572207765627369746520776520776F756C64206C696B6520746F206C657420796F75206B6E6F77207768617420776520646F20616E6420686F7720697420776F726B732E, null);
INSERT INTO `tum_seo` VALUES ('9', 'Faq', 0x74756D626C722066616D65206661712C206661712074756D62, 0x446F20796F75206861766520616E79207175657374696F6E3F2C206F6B20636865636B206F7572204641512073656374696F6E20796F752077696C6C2066696E6420616E737765727320746F20796F7572207175657374696F6E732E, null);
INSERT INTO `tum_seo` VALUES ('10', 'Privacy Policy', 0x74756D626C722066616D6520707269766163792C2074756D626C722066616D6520706F6C696379, 0x52656164206F7572207072697661637920706F6C69637920696E206F7264657220746F206B6E6F7720686F772077652074616B652063617265206F6620796F757220706572736F6E616C20696E666F726D6174696F6E20616E6420796F757220707269766163792E, null);
INSERT INTO `tum_seo` VALUES ('11', 'Landing Page', 0x74756D626C722066616D65206C616E64696E672C2074756D626C722070726F6D6F74696F6E2C2074756D626C7220626C6F67, 0x576974682074756D626C722066616D6520796F752063616E2070726F6D6F746520796F75722074756D626C7220626C6F6720616E6420676574206D6F726520666F6C6C6F776572732E, null);

-- ----------------------------
-- Table structure for `tum_settings`
-- ----------------------------
DROP TABLE IF EXISTS `tum_settings`;
CREATE TABLE `tum_settings` (
  `id` int(11) NOT NULL AUTO_INCREMENT,
  `website` varchar(255) COLLATE utf8_bin DEFAULT NULL,
  `google` varchar(255) COLLATE utf8_bin DEFAULT NULL,
  `twitter` varchar(255) COLLATE utf8_bin DEFAULT NULL,
  `pinterest` varchar(255) COLLATE utf8_bin DEFAULT NULL,
  `support_email` varchar(255) COLLATE utf8_bin DEFAULT NULL,
  `email` varchar(255) COLLATE utf8_bin DEFAULT NULL,
  `facebook` varchar(255) COLLATE utf8_bin DEFAULT NULL,
  `paypal_email` varchar(255) COLLATE utf8_bin DEFAULT NULL,
  `video` varchar(255) COLLATE utf8_bin DEFAULT NULL,
  `plug_points` float DEFAULT '1',
  `follow_points` float DEFAULT '1',
  `featured_follow_points` float DEFAULT '1',
  `referral_points` float DEFAULT '1',
  `replug_period` float DEFAULT '0',
  `image` varchar(255) COLLATE utf8_bin DEFAULT NULL,
  PRIMARY KEY (`id`)
) ENGINE=MyISAM AUTO_INCREMENT=2 DEFAULT CHARSET=utf8 COLLATE=utf8_bin;

-- ----------------------------
-- Records of tum_settings
-- ----------------------------
INSERT INTO `tum_settings` VALUES ('1', 'www.test.com', 'www.google.com', 'www.twitter.com', 'www.pinterest.com', 'test@ukprosolutions.com', 'test@test.com', 'www.facebook.com', 'test@ukprosolutions.com', 'http://www.youtube.com/watch?v=-lLjtVyY704', '1', '3', '10', '50', '5', null);

-- ----------------------------
-- Table structure for `tum_user`
-- ----------------------------
DROP TABLE IF EXISTS `tum_user`;
CREATE TABLE `tum_user` (
  `id` int(11) NOT NULL AUTO_INCREMENT,
  `username` varchar(50) COLLATE utf8_bin NOT NULL,
  `email` varchar(255) COLLATE utf8_bin DEFAULT NULL,
  `password` varchar(90) COLLATE utf8_bin DEFAULT NULL,
  `fname` varchar(255) COLLATE utf8_bin DEFAULT NULL,
  `lname` varchar(255) COLLATE utf8_bin DEFAULT NULL,
  `image` varchar(255) COLLATE utf8_bin DEFAULT NULL,
  `details` text COLLATE utf8_bin,
  `groups_id` int(11) DEFAULT NULL COMMENT '0 trainer  1  vendor   2 company  3 employee  4 stuff(EHR linked stuff)     6 Admin',
  `active` tinyint(1) DEFAULT '0',
  `total_points` float DEFAULT '0',
  `today_points` float DEFAULT '0',
  `user_credit` float DEFAULT '0',
  `referrals` float DEFAULT '0',
  `plugs` float DEFAULT '0',
  `total_follows` float DEFAULT '0',
  `today_follows` float DEFAULT '0',
  `featured_time` varchar(255) COLLATE utf8_bin DEFAULT '0',
  PRIMARY KEY (`id`)
) ENGINE=MyISAM AUTO_INCREMENT=80 DEFAULT CHARSET=utf8 COLLATE=utf8_bin;

-- ----------------------------
-- Records of tum_user
-- ----------------------------
INSERT INTO `tum_user` VALUES ('1', 'admin', 'admin@ukprosloutions.com', 'ZbahWZYXk1bv6MPwm1OUIg==', 'www', 'user', '', '', '6', '1', '0', '0', '0', '0', '0', '0', '0', '0');
INSERT INTO `tum_user` VALUES ('4', 'ahmedhany.tumblr.com', 'test@test.com', 'v9Hlp3lq1iqPvZiBZSFp9e47k2pvI7TiLM3vs+XUW1+z0H9v85wtsaEIk+/kZW8uMWPCJpM0egmQoRztjTlvakBihP', 'test', 'test', 'https://33.media.tumblr.com/avatar_8b6771ea0655_96.png', '', '1', '0', '0', '0', '0', '0', '0', '0', '0', '0');
INSERT INTO `tum_user` VALUES ('5', 'ahmedhany44.tumblr.com', null, 'cHqzFiPTrm2vyL1zfUM323Z2d+ITtfC9erozHGQs95cboDP5lRKaNq3ck1RAy4TUd0vkMFPYqrz4ngKRhWUWPkVtqg', null, null, 'http://api.tumblr.com/v2/blog/ahmedhany44.tumblr.com/avatar/96', null, '1', '0', '19', '22', '18', '0', '0', '5', '5', '1399759200');
INSERT INTO `tum_user` VALUES ('14', 'mark.tumblr.com', null, 'VWKjXySYSQ7hIP0VIRAjjAEyPqrvHbaAKVoaH6FwM9g=', null, null, 'http://31.media.tumblr.com/avatar_9b2a825403db_96.gif', null, '1', '0', '0', '0', '0', '0', '0', '0', '0', '0');
INSERT INTO `tum_user` VALUES ('16', 'samar.tumblr.com', null, 'vgN/DJ+ZSSTJL/g9mF1Cgg==', null, null, 'http://37.media.tumblr.com/avatar_2dd156054e21_96.png', null, '1', '0', '0', '0', '0', '0', '0', '0', '0', '0');
INSERT INTO `tum_user` VALUES ('18', 'helmit.tumblr.com', null, 'vgN/DJ+ZSSTJL/g9mF1Cgg==', null, null, 'http://24.media.tumblr.com/avatar_5ec2b7ef1745_96.png', null, '1', '0', '0', '0', '0', '0', '0', '0', '0', '0');
INSERT INTO `tum_user` VALUES ('20', 'waston.tumblr.com', null, 'vgN/DJ+ZSSTJL/g9mF1Cgg==', null, null, 'http://31.media.tumblr.com/avatar_0e842c5cfb56_96.png', null, '1', '0', '0', '0', '0', '0', '0', '0', '0', '0');
INSERT INTO `tum_user` VALUES ('21', 'john.tumblr.com', null, 'vgN/DJ+ZSSTJL/g9mF1Cgg==', null, null, 'http://37.media.tumblr.com/avatar_fdb2cc3b7892_96.png', null, '1', '0', '0', '0', '0', '0', '0', '0', '0', '0');
INSERT INTO `tum_user` VALUES ('24', 'uno.tumblr.com', null, 'vgN/DJ+ZSSTJL/g9mF1Cgg==', null, null, 'http://24.media.tumblr.com/avatar_b1b368fa5048_96.png', null, '1', '0', '0', '0', '0', '0', '0', '0', '0', '0');
INSERT INTO `tum_user` VALUES ('33', 'ibrahem.tumblr.com', null, 'vgN/DJ+ZSSTJL/g9mF1Cgg==', null, null, 'http://37.media.tumblr.com/avatar_9aac5aee0a27_96.png', null, '1', '0', '0', '0', '0', '0', '0', '0', '0', '0');
INSERT INTO `tum_user` VALUES ('34', 'mona.tumblr.com', null, 'vgN/DJ+ZSSTJL/g9mF1Cgg==', null, null, 'http://24.media.tumblr.com/avatar_405d80f2c85d_96.png', null, '1', '0', '0', '0', '0', '0', '0', '0', '0', '0');
INSERT INTO `tum_user` VALUES ('36', 'adele.tumblr.com', null, 'vgN/DJ+ZSSTJL/g9mF1Cgg==', null, null, 'http://24.media.tumblr.com/avatar_20e67043481d_96.gif', null, '1', '0', '0', '0', '0', '0', '0', '0', '0', '0');
INSERT INTO `tum_user` VALUES ('37', 'david.tumblr.com', null, 'VWKjXySYSQ7hIP0VIRAjjAEyPqrvHbaAKVoaH6FwM9g=', null, null, 'http://api.tumblr.com/v2/blog/david.tumblr.com/avatar/96', null, '1', '0', '14', '15', '0', '0', '1', '5', '5', '0');
INSERT INTO `tum_user` VALUES ('38', 'antonio.tumblr.com', null, 'vgN/DJ+ZSSTJL/g9mF1Cgg==', null, null, 'http://37.media.tumblr.com/avatar_9e193e834484_96.gif', null, '1', '0', '0', '0', '0', '0', '0', '0', '0', '0');
INSERT INTO `tum_user` VALUES ('40', 'justen.tumblr.com', null, 'vgN/DJ+ZSSTJL/g9mF1Cgg==', null, null, 'http://24.media.tumblr.com/avatar_412196a68222_96.png', null, '1', '0', '0', '0', '0', '0', '0', '0', '0', '0');
INSERT INTO `tum_user` VALUES ('42', 'honda.tumblr.com', null, 'vgN/DJ+ZSSTJL/g9mF1Cgg==', null, null, 'http://24.media.tumblr.com/avatar_fa025e6a4399_96.png', null, '1', '0', '0', '0', '0', '0', '0', '0', '0', '0');
INSERT INTO `tum_user` VALUES ('43', 'kawz.tumblr.com', null, 'VWKjXySYSQ7hIP0VIRAjjAEyPqrvHbaAKVoaH6FwM9g=', null, null, 'http://24.media.tumblr.com/avatar_0c5ea7272449_96.png', null, '1', '0', '0', '0', '0', '0', '0', '0', '0', '0');
INSERT INTO `tum_user` VALUES ('44', 'hatem.tumblr.com', null, 'vgN/DJ+ZSSTJL/g9mF1Cgg==', null, null, 'http://24.media.tumblr.com/avatar_a997fedc9fb5_96.png', null, '1', '0', '0', '0', '0', '0', '0', '0', '0', '0');
INSERT INTO `tum_user` VALUES ('47', 'maryam.tumblr.com', null, 'VWKjXySYSQ7hIP0VIRAjjAEyPqrvHbaAKVoaH6FwM9g=', null, null, 'http://24.media.tumblr.com/avatar_1094a073df9c_96.png', null, '1', '0', '0', '0', '0', '0', '0', '0', '0', '0');
INSERT INTO `tum_user` VALUES ('51', 'batman.tumblr.com', null, 'vgN/DJ+ZSSTJL/g9mF1Cgg==', null, null, 'http://24.media.tumblr.com/avatar_e7e43d885dba_96.gif', null, '1', '0', '0', '0', '0', '0', '0', '0', '0', '0');
INSERT INTO `tum_user` VALUES ('53', 'spiderman.tumblr.com', null, 'vgN/DJ+ZSSTJL/g9mF1Cgg==', null, null, 'http://37.media.tumblr.com/avatar_df7b73b8b76a_96.png', null, '1', '0', '0', '0', '0', '0', '0', '0', '0', '0');
INSERT INTO `tum_user` VALUES ('54', 'human.tumblr.com', null, 'vgN/DJ+ZSSTJL/g9mF1Cgg==', null, null, 'http://37.media.tumblr.com/avatar_9af6e4505bb6_96.png', null, '1', '0', '0', '0', '0', '0', '0', '0', '0', '0');
INSERT INTO `tum_user` VALUES ('55', 'hogan.tumblr.com', null, 'vgN/DJ+ZSSTJL/g9mF1Cgg==', null, null, 'http://24.media.tumblr.com/avatar_50455c0e8c3e_96.gif', null, '1', '0', '0', '0', '0', '0', '0', '0', '0', '0');
INSERT INTO `tum_user` VALUES ('56', 'martin.tumblr.com', null, 'mcDVXGXxFGYs3YLD+hSP4GARtKTFrT63GxbufJytndL8yHr7lWW0pcpytNOPE3T0', null, null, 'http://37.media.tumblr.com/avatar_749b68a3e166_96.png', null, '1', '0', '0', '0', '0', '0', '0', '0', '0', '0');
INSERT INTO `tum_user` VALUES ('62', 'life.tumblr.com', null, 'vgN/DJ+ZSSTJL/g9mF1Cgg==', null, null, 'http://31.media.tumblr.com/avatar_c1cd55ae1202_96.png', null, '1', '0', '0', '0', '0', '0', '0', '0', '0', '0');
INSERT INTO `tum_user` VALUES ('64', 'fawzy.tumblr.com', null, 'vgN/DJ+ZSSTJL/g9mF1Cgg==', null, null, 'http://31.media.tumblr.com/avatar_a1c993a15121_96.png', null, '1', '0', '0', '0', '0', '0', '0', '0', '0', '0');
INSERT INTO `tum_user` VALUES ('65', 'jack.tumblr.com', null, 'vgN/DJ+ZSSTJL/g9mF1Cgg==', null, null, 'http://24.media.tumblr.com/avatar_660017dd7b4d_96.png', null, '1', '0', '0', '0', '0', '0', '0', '0', '0', '0');
INSERT INTO `tum_user` VALUES ('67', 'love.tumblr.com', null, 'vgN/DJ+ZSSTJL/g9mF1Cgg==', null, null, 'http://24.media.tumblr.com/avatar_ba127547dd0a_96.png', null, '1', '0', '0', '0', '0', '0', '0', '0', '0', '0');
INSERT INTO `tum_user` VALUES ('68', 'peace.tumblr.com', null, 'vgN/DJ+ZSSTJL/g9mF1Cgg==', null, null, 'http://assets.tumblr.com/images/default_avatar_96.png', null, '1', '0', '0', '0', '0', '0', '0', '0', '0', '0');
INSERT INTO `tum_user` VALUES ('69', 'forever.tumblr.com', null, 'vgN/DJ+ZSSTJL/g9mF1Cgg==', null, null, 'http://37.media.tumblr.com/avatar_b6fdc7cdb1fc_96.png', null, '1', '0', '0', '0', '0', '0', '0', '0', '0', '0');
INSERT INTO `tum_user` VALUES ('70', 'together.tumblr.com', null, 'vgN/DJ+ZSSTJL/g9mF1Cgg==', null, null, 'http://assets.tumblr.com/images/default_avatar_96.png', null, '1', '0', '0', '0', '0', '0', '0', '0', '0', '0');
INSERT INTO `tum_user` VALUES ('71', 'tiffany.tumblr.com', null, 'vgN/DJ+ZSSTJL/g9mF1Cgg==', null, null, 'http://31.media.tumblr.com/avatar_ec5c35819615_96.gif', null, '1', '0', '0', '0', '0', '0', '0', '0', '0', '0');
INSERT INTO `tum_user` VALUES ('75', 'omar.tumblr.com', null, 'vgN/DJ+ZSSTJL/g9mF1Cgg==', null, null, 'http://24.media.tumblr.com/avatar_ae9546ece168_96.png', null, '1', '0', '0', '0', '0', '0', '0', '0', '0', '0');
INSERT INTO `tum_user` VALUES ('76', 'SNAKEFISTING.tumblr.com', null, 'vgN/DJ+ZSSTJL/g9mF1Cgg==', null, null, 'http://24.media.tumblr.com/avatar_dda6763b564f_96.png', null, '1', '0', '2', '3', '0', '0', '1', '1', '1', '1400558400');
INSERT INTO `tum_user` VALUES ('77', 'snakefisting.tumblr.com', null, 'RPDzaMRNRL1n1uq7v7dCx4ptzTbbIbitMI612I976aifZo23tgm1e1Q8H22t8e1c75ehURXgFgANB6lZwhGPUp5Osw', null, null, 'http://24.media.tumblr.com/avatar_dda6763b564f_96.png', null, '1', '0', '74', '81', '0', '1', '1', '8', '8', '0');
INSERT INTO `tum_user` VALUES ('78', 'Jacky.tumblr.com', null, 'VWKjXySYSQ7hIP0VIRAjjAEyPqrvHbaAKVoaH6FwM9g=', null, null, 'http://assets.tumblr.com/images/default_avatar/cone_open_96.png', null, '1', '0', '5', '9', '0', '0', '1', '3', '3', '0');
INSERT INTO `tum_user` VALUES ('79', 'superdankykang.tumblr.com', null, 'vgN/DJ+ZSSTJL/g9mF1Cgg==', null, null, 'http://37.media.tumblr.com/avatar_b1e6613fb63a_96.png', null, '1', '0', '0', '0', '0', '0', '0', '0', '0', '0');

-- ----------------------------
-- Table structure for `tum_user_details`
-- ----------------------------
DROP TABLE IF EXISTS `tum_user_details`;
CREATE TABLE `tum_user_details` (
  `id` int(11) NOT NULL AUTO_INCREMENT,
  `user_id` int(11) DEFAULT NULL,
  `country_id` varchar(90) COLLATE utf8_bin DEFAULT '1',
  `state` varchar(90) COLLATE utf8_bin DEFAULT NULL,
  `city` varchar(90) COLLATE utf8_bin DEFAULT NULL,
  `county` varchar(90) COLLATE utf8_bin DEFAULT NULL,
  `address` varchar(255) COLLATE utf8_bin DEFAULT NULL,
  `address2` varchar(255) COLLATE utf8_bin DEFAULT NULL,
  `zipcode` varchar(50) COLLATE utf8_bin DEFAULT NULL,
  `lng` varchar(255) COLLATE utf8_bin DEFAULT NULL,
  `lat` varchar(255) COLLATE utf8_bin DEFAULT NULL,
  `zoom` int(11) DEFAULT NULL,
  `created` datetime DEFAULT NULL,
  `last_login` datetime DEFAULT NULL,
  `phone_no` varchar(255) COLLATE utf8_bin DEFAULT NULL,
  `fax_no` varchar(255) COLLATE utf8_bin DEFAULT NULL,
  PRIMARY KEY (`id`)
) ENGINE=MyISAM DEFAULT CHARSET=utf8 COLLATE=utf8_bin;

-- ----------------------------
-- Records of tum_user_details
-- ----------------------------

-- ----------------------------
-- Table structure for `tum_user_follower`
-- ----------------------------
DROP TABLE IF EXISTS `tum_user_follower`;
CREATE TABLE `tum_user_follower` (
  `id` int(11) NOT NULL AUTO_INCREMENT,
  `follower_id` int(11) DEFAULT NULL,
  `blog_id` int(11) DEFAULT NULL,
  PRIMARY KEY (`id`)
) ENGINE=MyISAM AUTO_INCREMENT=38 DEFAULT CHARSET=utf8 COLLATE=utf8_bin;

-- ----------------------------
-- Records of tum_user_follower
-- ----------------------------
INSERT INTO `tum_user_follower` VALUES ('16', '76', '4');
INSERT INTO `tum_user_follower` VALUES ('17', '5', '16');
INSERT INTO `tum_user_follower` VALUES ('18', '5', '76');
INSERT INTO `tum_user_follower` VALUES ('19', '5', '24');
INSERT INTO `tum_user_follower` VALUES ('20', '5', '20');
INSERT INTO `tum_user_follower` VALUES ('21', '78', '33');
INSERT INTO `tum_user_follower` VALUES ('22', '78', '21');
INSERT INTO `tum_user_follower` VALUES ('23', '78', '16');
INSERT INTO `tum_user_follower` VALUES ('24', '77', '78');
INSERT INTO `tum_user_follower` VALUES ('25', '77', '5');
INSERT INTO `tum_user_follower` VALUES ('26', '77', '20');
INSERT INTO `tum_user_follower` VALUES ('27', '77', '76');
INSERT INTO `tum_user_follower` VALUES ('28', '77', '4');
INSERT INTO `tum_user_follower` VALUES ('29', '77', '14');
INSERT INTO `tum_user_follower` VALUES ('30', '77', '18');
INSERT INTO `tum_user_follower` VALUES ('31', '77', '16');
INSERT INTO `tum_user_follower` VALUES ('32', '37', '77');
INSERT INTO `tum_user_follower` VALUES ('33', '37', '76');
INSERT INTO `tum_user_follower` VALUES ('34', '37', '78');
INSERT INTO `tum_user_follower` VALUES ('35', '37', '37');
INSERT INTO `tum_user_follower` VALUES ('36', '37', '5');
INSERT INTO `tum_user_follower` VALUES ('37', '5', '77');

-- ----------------------------
-- Table structure for `tum_user_groups`
-- ----------------------------
DROP TABLE IF EXISTS `tum_user_groups`;
CREATE TABLE `tum_user_groups` (
  `id` int(11) NOT NULL,
  `group_title` varchar(255) COLLATE utf8_bin DEFAULT NULL,
  PRIMARY KEY (`id`)
) ENGINE=MyISAM DEFAULT CHARSET=utf8 COLLATE=utf8_bin;

-- ----------------------------
-- Records of tum_user_groups
-- ----------------------------
INSERT INTO `tum_user_groups` VALUES ('1', 'Normal User');
INSERT INTO `tum_user_groups` VALUES ('6', 'Admin');
